well_id,cycle_number,cycle_start_date,steam_volume_cwe_bbl,injection_pressure_kpa,injection_duration_days,soak_time_days,cumulative_steam_to_date_bbl,peak_post_soak_temp_c,thermal_decay_rate_per_day,production_days,cycle_cum_oil_bbl,cycle_sor,cutoff_reason
BGW-01,1,2019-03-14,5130.9,7671.3,11.1,6.6,5130.9,143.38,0.0668,90,6594.1,0.778,next_cycle_scheduled
BGW-01,2,2019-07-03,5934.4,6121.9,13.3,6.3,11065.3,145.13,0.0436,90,9315.4,0.637,next_cycle_scheduled
BGW-01,3,2019-10-24,6159.8,7339.7,12.4,6.5,17225.1,145.8,0.0489,90,7959.3,0.774,next_cycle_scheduled
BGW-01,4,2020-02-12,6166.8,7776.9,13.4,6.5,23391.9,145.76,0.0632,90,7310.7,0.844,next_cycle_scheduled
BGW-01,5,2020-06-06,6274.7,7628.2,16.4,6.3,29666.6,145.77,0.0685,90,7760.2,0.809,next_cycle_scheduled
BGW-01,6,2020-09-27,5541.2,9305.9,13.3,4.1,35207.8,141.36,0.0468,90,7801.8,0.71,next_cycle_scheduled
BGW-02,1,2019-02-25,4327.7,9356.6,8.8,5.9,4327.7,140.26,0.0401,90,5395.9,0.802,next_cycle_scheduled
BGW-02,2,2019-06-11,5147.3,7805.1,10.7,3.5,9475.0,139.49,0.047,90,5336.5,0.965,next_cycle_scheduled
BGW-02,3,2019-09-30,4930.0,9445.1,12.9,5.0,14405.0,141.36,0.0455,90,5349.3,0.922,next_cycle_scheduled
BGW-02,4,2020-01-14,3605.4,7472.6,10.0,3.5,18010.4,133.77,0.0747,90,4362.2,0.827,next_cycle_scheduled
BGW-02,5,2020-04-29,3500.9,6681.9,8.3,3.2,21511.4,132.69,0.0629,90,4132.8,0.847,next_cycle_scheduled
BGW-03,1,2019-07-26,3882.1,8250.1,8.2,4.9,3882.1,137.22,0.0766,90,5476.3,0.709,next_cycle_scheduled
BGW-03,2,2019-11-08,2851.3,6129.0,7.0,6.7,6733.4,132.72,0.0669,90,5604.8,0.509,next_cycle_scheduled
BGW-03,3,2020-03-02,6860.1,6956.8,19.4,4.3,13593.4,144.38,0.0735,90,6288.4,1.091,next_cycle_scheduled
BGW-03,4,2020-06-22,4683.7,8795.1,9.5,3.7,18277.1,138.45,0.0785,90,5669.7,0.826,next_cycle_scheduled
BGW-03,5,2020-10-14,3525.2,7279.0,8.5,6.7,21802.3,137.04,0.0713,90,5513.4,0.639,next_cycle_scheduled
BGW-04,1,2019-05-13,4738.3,6517.1,9.7,3.5,4738.3,138.14,0.0727,90,6563.0,0.722,next_cycle_scheduled
BGW-04,2,2019-09-01,4032.8,9012.3,11.5,4.7,8771.1,137.69,0.083,90,5704.4,0.707,next_cycle_scheduled
BGW-04,3,2019-12-24,6193.8,7024.9,13.4,6.8,14964.9,146.22,0.06,90,6946.6,0.892,next_cycle_scheduled
BGW-04,4,2020-04-07,3043.8,8890.1,6.6,5.4,18008.7,133.04,0.0577,90,6001.5,0.507,next_cycle_scheduled
BGW-05,1,2019-02-19,3299.9,8342.1,7.2,5.0,3299.9,134.17,0.0543,90,6360.8,0.519,next_cycle_scheduled
BGW-05,2,2019-06-04,3660.2,9225.5,7.3,3.2,6960.1,133.36,0.0687,90,5835.6,0.627,next_cycle_scheduled
BGW-05,3,2019-09-29,4921.6,8934.0,12.5,5.5,11881.7,141.89,0.0626,90,5435.5,0.905,next_cycle_scheduled
BGW-05,4,2020-01-19,3983.1,6518.6,9.7,6.5,15864.8,139.15,0.051,90,6816.5,0.584,next_cycle_scheduled
BGW-06,1,2019-06-27,3713.6,9475.3,7.6,4.7,3713.6,135.77,0.0412,90,8893.0,0.418,next_cycle_scheduled
BGW-06,2,2019-10-21,6788.7,6040.8,17.0,4.4,10502.2,144.04,0.0533,90,7540.0,0.9,next_cycle_scheduled
BGW-06,3,2020-02-13,4389.3,8961.2,12.2,6.6,14891.6,140.63,0.0474,90,9172.4,0.479,next_cycle_scheduled
BGW-06,4,2020-05-30,3564.1,8428.9,7.5,6.2,18455.6,136.47,0.0516,90,7122.3,0.5,next_cycle_scheduled
BGW-06,5,2020-09-20,5177.9,7190.9,13.2,4.1,23633.5,140.27,0.0715,90,7005.1,0.739,next_cycle_scheduled
BGW-06,6,2021-01-06,3706.1,7424.1,7.9,5.2,27339.6,136.27,0.0406,90,8244.7,0.45,next_cycle_scheduled
BGW-06,7,2021-04-24,6555.0,8576.3,13.3,3.0,33894.6,140.74,0.0547,90,7495.8,0.874,next_cycle_scheduled
BGW-07,1,2019-07-17,2686.4,6968.6,5.9,6.5,2686.4,130.86,0.0361,90,5863.2,0.458,next_cycle_scheduled
BGW-07,2,2019-11-10,5799.7,7892.3,12.3,5.6,8486.1,143.95,0.0431,90,5326.3,1.089,next_cycle_scheduled
BGW-07,3,2020-02-27,4767.8,7702.7,13.4,4.1,13253.9,139.08,0.0426,90,5553.2,0.859,next_cycle_scheduled
BGW-07,4,2020-06-14,4060.3,8009.7,8.3,5.0,17314.2,137.78,0.0696,90,4317.5,0.94,next_cycle_scheduled
BGW-07,5,2020-10-04,5813.5,9201.1,12.8,3.1,23127.8,139.66,0.0885,90,4055.2,1.434,next_cycle_scheduled
BGW-07,6,2021-01-18,3356.2,8812.0,9.3,4.0,26484.0,132.93,0.0789,90,3824.0,0.878,next_cycle_scheduled
BGW-07,7,2021-05-11,5492.5,7330.5,11.9,3.4,31976.5,139.62,0.0904,90,3840.9,1.43,next_cycle_scheduled
BGW-08,1,2019-06-18,6233.1,8172.4,14.9,6.5,6233.1,145.71,0.0418,90,5479.8,1.137,next_cycle_scheduled
BGW-08,2,2019-10-03,3599.6,7016.0,7.5,3.5,9832.6,133.18,0.076,90,4386.8,0.821,next_cycle_scheduled
BGW-08,3,2020-01-17,2874.6,6917.6,7.8,3.4,12707.2,128.81,0.0887,90,3628.5,0.792,next_cycle_scheduled
BGW-08,4,2020-05-04,4111.7,8866.8,10.1,3.4,16818.9,135.3,0.0849,90,4566.3,0.9,next_cycle_scheduled
BGW-09,1,2019-06-27,5960.4,6640.0,16.4,3.9,5960.4,142.08,0.0858,90,4230.8,1.409,next_cycle_scheduled
BGW-09,2,2019-10-17,5609.1,9328.7,14.4,3.6,11569.5,140.79,0.0443,90,5401.5,1.038,next_cycle_scheduled
BGW-09,3,2020-02-13,7014.5,7244.5,15.4,6.5,18584.0,147.25,0.0372,90,5976.6,1.174,next_cycle_scheduled
BGW-09,4,2020-06-03,4022.0,9053.0,8.3,6.1,22606.0,139.03,0.0369,90,6582.7,0.611,next_cycle_scheduled
BGW-09,5,2020-09-24,5051.0,9390.2,10.5,5.1,27656.9,141.71,0.0816,90,4264.6,1.184,next_cycle_scheduled
BGW-09,6,2021-01-19,7055.2,7314.9,15.0,4.9,34712.2,145.48,0.0718,90,5008.6,1.409,next_cycle_scheduled
BGW-09,7,2021-05-08,3793.4,9495.3,10.4,6.6,38505.6,138.29,0.057,90,5319.4,0.713,next_cycle_scheduled
BGW-09,8,2021-09-02,7445.6,8385.7,18.2,6.9,45951.2,148.14,0.072,90,4768.2,1.562,next_cycle_scheduled
BGW-09,9,2021-12-30,7000.4,8461.6,18.5,4.2,52951.6,144.32,0.0727,90,4830.7,1.449,next_cycle_scheduled
BGW-10,1,2019-01-18,5267.1,6406.9,10.9,6.6,5267.1,143.77,0.0445,90,7488.3,0.703,next_cycle_scheduled
BGW-10,2,2019-05-12,4925.8,7847.5,11.0,5.8,10193.0,142.06,0.0614,90,7499.9,0.657,next_cycle_scheduled
BGW-10,3,2019-09-01,4174.4,6030.2,11.8,4.6,14367.4,137.84,0.0762,90,5890.8,0.709,next_cycle_scheduled
BGW-10,4,2019-12-22,5337.3,9065.8,10.8,5.3,19704.8,142.71,0.0768,90,6261.3,0.852,next_cycle_scheduled
BGW-10,5,2020-04-12,6213.6,9462.7,15.3,5.5,25918.4,144.9,0.0493,90,8386.5,0.741,next_cycle_scheduled
BGW-10,6,2020-07-26,3766.6,6026.7,7.7,4.1,29685.0,135.31,0.0569,90,7539.9,0.5,next_cycle_scheduled
BGW-11,1,2019-05-04,2722.6,8630.2,5.8,3.9,2722.6,128.76,0.0645,90,4659.3,0.584,next_cycle_scheduled
BGW-11,2,2019-08-18,2826.9,7531.1,6.1,6.3,5549.6,131.99,0.0399,90,5859.9,0.482,next_cycle_scheduled
BGW-11,3,2019-12-10,5753.3,6167.4,14.1,5.2,11302.8,143.51,0.0738,90,4791.3,1.201,next_cycle_scheduled
BGW-11,4,2020-04-02,6029.9,7147.8,15.4,6.9,17332.8,145.74,0.0442,90,6041.0,0.998,next_cycle_scheduled
BGW-11,5,2020-07-31,7322.4,6124.4,18.4,6.1,24655.1,147.13,0.0577,90,6552.4,1.118,next_cycle_scheduled
BGW-11,6,2020-11-23,4422.6,7316.7,12.4,4.2,29077.7,138.18,0.0823,90,5137.7,0.861,next_cycle_scheduled
BGW-11,7,2021-03-18,4931.5,8386.9,12.4,4.8,34009.1,140.77,0.0853,90,4564.3,1.08,next_cycle_scheduled
BGW-11,8,2021-07-06,5231.6,8930.4,11.3,3.5,39240.8,139.4,0.0709,90,4976.8,1.051,next_cycle_scheduled
BGW-11,9,2021-10-29,7582.2,8990.4,15.4,4.4,46823.0,145.27,0.0495,90,5684.1,1.334,next_cycle_scheduled
BGW-12,1,2019-05-11,5616.2,6389.4,11.6,4.1,5616.2,141.65,0.0506,90,6235.3,0.901,next_cycle_scheduled
BGW-12,2,2019-08-30,4251.2,8791.1,8.6,6.2,9867.4,140.0,0.0541,90,5823.7,0.73,next_cycle_scheduled
BGW-12,3,2019-12-21,6220.5,8137.3,13.3,4.4,16087.9,143.26,0.0841,90,4596.0,1.353,next_cycle_scheduled
BGW-12,4,2020-04-10,5506.2,8492.2,12.5,4.1,21594.1,141.32,0.0783,90,4695.1,1.173,next_cycle_scheduled
BGW-12,5,2020-07-31,6668.6,6698.4,16.3,4.6,28262.7,144.37,0.0464,90,6980.9,0.955,next_cycle_scheduled
BGW-12,6,2020-11-30,7225.9,7574.3,19.8,3.4,35488.6,142.8,0.0542,90,6198.3,1.166,next_cycle_scheduled
BGW-12,7,2021-03-23,5730.1,9220.2,12.3,6.3,41218.8,144.69,0.0756,90,4874.6,1.176,next_cycle_scheduled
BGW-12,8,2021-07-11,3166.9,6765.4,8.1,5.8,44385.7,133.98,0.0728,90,4786.7,0.662,next_cycle_scheduled
BGW-12,9,2021-10-31,3679.9,8499.6,8.5,5.1,48065.6,136.25,0.0428,90,5890.5,0.625,next_cycle_scheduled
BGW-13,1,2019-04-12,3187.8,6274.2,9.1,6.7,3187.8,135.08,0.055,90,4259.3,0.748,next_cycle_scheduled
BGW-13,2,2019-08-03,5600.5,7168.7,13.9,3.2,8788.3,139.96,0.0876,90,4051.0,1.382,next_cycle_scheduled
BGW-13,3,2019-11-24,5362.5,6881.0,15.0,3.9,14150.8,140.93,0.0817,90,4115.5,1.303,next_cycle_scheduled
BGW-13,4,2020-03-08,3554.2,8529.2,9.2,3.7,17705.1,133.95,0.0574,90,4273.6,0.832,next_cycle_scheduled
BGW-13,5,2020-06-26,4896.9,8183.5,12.8,4.2,22602.0,140.02,0.0468,90,4871.1,1.005,next_cycle_scheduled
BGW-13,6,2020-10-19,6531.1,9015.6,16.4,5.5,29133.0,145.67,0.05,90,4839.1,1.35,next_cycle_scheduled
BGW-13,7,2021-02-04,4296.5,8522.6,10.3,5.5,33429.5,139.71,0.0732,90,4868.8,0.882,next_cycle_scheduled
BGW-13,8,2021-05-25,4160.2,8288.4,8.4,5.1,37589.7,138.73,0.0497,90,5498.8,0.757,next_cycle_scheduled
BGW-13,9,2021-09-11,3999.6,7899.9,9.9,4.3,41589.3,137.03,0.0793,90,4148.4,0.964,next_cycle_scheduled
BGW-14,1,2019-05-18,3271.8,9196.5,6.8,5.3,3271.8,134.25,0.0555,90,3586.7,0.912,next_cycle_scheduled
BGW-14,2,2019-09-08,3386.8,8703.5,8.8,6.0,6658.6,135.52,0.0458,90,4297.2,0.788,next_cycle_scheduled
BGW-14,3,2020-01-05,6711.0,6792.8,17.5,3.3,13369.5,141.92,0.0588,90,4080.4,1.645,next_cycle_scheduled
BGW-14,4,2020-04-27,5950.8,7175.1,15.4,3.1,19320.3,140.15,0.0861,90,3225.8,1.845,next_cycle_scheduled
BGW-14,5,2020-08-18,6272.0,8716.6,15.8,4.6,25592.3,143.77,0.0856,90,3750.0,1.673,next_cycle_scheduled
BGW-14,6,2020-12-05,3620.3,6514.2,8.2,5.5,29212.6,136.38,0.0626,90,3786.5,0.956,next_cycle_scheduled
BGW-14,7,2021-03-28,4583.0,8265.4,10.8,6.6,33795.6,141.58,0.06,90,3913.8,1.171,next_cycle_scheduled
BGW-14,8,2021-07-20,5560.1,6135.1,12.4,5.4,39355.7,143.37,0.0635,90,4368.9,1.273,next_cycle_scheduled
BGW-14,9,2021-11-12,7621.6,8850.1,20.3,3.4,46977.3,143.25,0.0498,90,4108.4,1.855,next_cycle_scheduled
BGW-15,1,2019-07-16,5065.4,7779.5,12.2,3.2,5065.4,138.44,0.0472,90,3988.1,1.27,next_cycle_scheduled
BGW-15,2,2019-11-08,4953.2,9051.6,10.7,6.2,10018.6,142.58,0.0712,90,3224.5,1.536,next_cycle_scheduled
BGW-15,3,2020-02-28,5451.1,7078.0,12.9,4.8,15469.7,142.33,0.0477,90,4082.5,1.335,next_cycle_scheduled
BGW-15,4,2020-06-11,2895.5,7638.2,6.5,4.0,18365.3,130.35,0.0794,90,2824.9,1.025,next_cycle_scheduled
BGW-15,5,2020-09-30,4864.2,6465.0,10.3,4.5,23229.5,140.4,0.068,90,3489.2,1.394,next_cycle_scheduled
BGW-15,6,2021-01-19,4432.7,8773.8,9.3,5.4,27662.2,140.02,0.0656,90,3734.2,1.187,next_cycle_scheduled
BGW-15,7,2021-05-08,4844.7,7929.0,10.6,3.2,32506.8,137.74,0.05,90,3589.9,1.35,next_cycle_scheduled
BGW-15,8,2021-08-28,3897.6,6293.4,7.9,5.3,36404.4,137.68,0.0529,90,3919.4,0.994,next_cycle_scheduled
BGW-15,9,2021-12-29,7842.9,8479.0,20.2,3.9,44247.4,144.65,0.0441,90,3807.6,2.06,next_cycle_scheduled
BGW-16,1,2019-01-15,2689.1,6808.6,5.8,6.4,2689.1,131.12,0.0484,90,5173.5,0.52,next_cycle_scheduled
BGW-16,2,2019-05-10,5824.4,8243.6,12.9,5.4,8513.5,144.02,0.0484,90,4984.6,1.168,next_cycle_scheduled
BGW-16,3,2019-09-04,5392.8,7220.2,14.5,6.4,13906.3,143.98,0.0721,90,4894.2,1.102,next_cycle_scheduled
BGW-16,4,2019-12-30,6416.6,8049.5,17.8,6.2,20322.9,146.02,0.0693,90,4922.4,1.304,next_cycle_scheduled
BGW-16,5,2020-04-17,5345.4,6063.4,11.4,5.0,25668.4,142.31,0.0696,90,4765.9,1.122,next_cycle_scheduled
BGW-16,6,2020-08-05,4783.2,6689.7,10.5,3.9,30451.5,139.07,0.061,90,4320.0,1.107,next_cycle_scheduled
BGW-16,7,2020-11-30,6745.4,8568.0,18.4,4.7,37196.9,144.67,0.0765,90,5050.6,1.336,next_cycle_scheduled
BGW-16,8,2021-03-25,7178.3,7227.4,19.1,4.2,44375.2,144.41,0.0861,90,3970.4,1.808,next_cycle_scheduled
BGW-17,1,2019-05-10,3047.2,6413.4,8.6,3.6,3047.2,130.65,0.0682,90,5567.6,0.547,next_cycle_scheduled
BGW-17,2,2019-08-28,4244.9,6243.6,10.1,4.3,7292.0,137.83,0.0824,90,5860.8,0.724,next_cycle_scheduled
BGW-17,3,2019-12-15,4230.2,6036.4,11.0,6.5,11522.2,140.2,0.0566,90,6872.7,0.615,next_cycle_scheduled
BGW-17,4,2020-04-02,3313.4,7135.7,9.5,3.8,14835.6,132.66,0.0718,90,5428.9,0.61,next_cycle_scheduled
BGW-17,5,2020-07-24,6474.0,8321.5,15.9,4.0,21309.6,143.19,0.0545,90,7052.4,0.918,next_cycle_scheduled
BGW-17,6,2020-11-25,7519.0,7958.7,21.1,5.3,28828.6,146.64,0.0673,90,6803.6,1.105,next_cycle_scheduled
BGW-17,7,2021-03-18,4443.6,7584.1,10.1,4.5,33272.2,138.91,0.0643,90,5841.2,0.761,next_cycle_scheduled
BGW-17,8,2021-07-18,7595.0,7087.6,18.6,6.1,40867.2,147.62,0.046,90,7530.1,1.009,next_cycle_scheduled
BGW-18,1,2019-07-01,6348.4,7908.6,17.4,4.8,6348.4,144.01,0.0813,90,6128.2,1.036,next_cycle_scheduled
BGW-18,2,2019-10-18,4331.1,6406.4,8.7,3.8,10679.5,136.94,0.0864,90,5889.6,0.735,next_cycle_scheduled
BGW-18,3,2020-01-29,3286.4,7632.5,7.7,3.4,13965.9,131.31,0.0676,90,6583.5,0.499,next_cycle_scheduled
BGW-18,4,2020-05-17,3961.1,7177.9,9.4,3.1,17927.0,133.99,0.0763,90,6747.5,0.587,next_cycle_scheduled
BGW-18,5,2020-09-07,4079.0,9302.3,9.1,6.0,22005.9,138.8,0.0606,90,6447.4,0.633,next_cycle_scheduled
BGW-18,6,2020-12-23,3026.9,8022.9,6.5,5.0,25032.9,132.06,0.0526,90,6970.6,0.434,next_cycle_scheduled
BGW-18,7,2021-04-16,7739.7,6498.1,15.5,4.0,32772.6,144.43,0.06,90,7311.8,1.059,next_cycle_scheduled
BGW-18,8,2021-08-05,4690.0,8831.7,11.2,6.5,37462.6,141.63,0.0388,90,8254.1,0.568,next_cycle_scheduled
