sample_id,well_id,temperature_c,viscosity_cp
0,BGW-01,26.3,46938.3
1,BGW-01,43.0,15440.0
2,BGW-01,55.8,8019.4
3,BGW-01,64.2,4865.8
4,BGW-01,80.9,2228.0
5,BGW-01,92.6,1185.9
6,BGW-01,124.8,285.1
7,BGW-01,144.7,136.7
8,BGW-01,144.8,163.2
9,BGW-01,145.1,162.5
10,BGW-01,151.0,118.2
11,BGW-01,158.9,89.9
12,BGW-02,22.0,63352.2
13,BGW-02,38.5,18478.1
14,BGW-02,40.1,18791.2
15,BGW-02,47.5,11577.1
16,BGW-02,52.2,8675.9
17,BGW-02,63.4,4786.6
18,BGW-02,90.1,1347.2
19,BGW-02,103.9,795.9
20,BGW-02,128.8,260.9
21,BGW-02,142.4,174.2
22,BGW-02,156.1,107.1
23,BGW-03,23.5,46424.2
24,BGW-03,34.8,21198.7
25,BGW-03,39.6,16756.8
26,BGW-03,60.1,5732.2
27,BGW-03,78.7,2434.2
28,BGW-03,88.4,1397.0
29,BGW-03,97.7,941.2
30,BGW-03,103.4,680.2
31,BGW-03,108.8,619.8
32,BGW-03,112.8,501.6
33,BGW-03,149.5,142.4
34,BGW-03,150.6,134.4
35,BGW-03,153.8,127.4
36,BGW-03,155.3,110.0
37,BGW-04,29.3,41440.0
38,BGW-04,34.7,29602.4
39,BGW-04,40.5,21353.6
40,BGW-04,53.1,9305.0
41,BGW-04,54.7,8054.0
42,BGW-04,83.5,1626.6
43,BGW-04,103.2,578.7
44,BGW-04,124.4,244.9
45,BGW-04,134.3,164.1
46,BGW-04,135.5,161.7
47,BGW-05,26.1,39639.1
48,BGW-05,45.4,11821.7
49,BGW-05,53.1,8773.4
50,BGW-05,54.9,7531.1
51,BGW-05,64.5,4588.6
52,BGW-05,75.1,2367.7
53,BGW-05,78.3,2387.9
54,BGW-05,90.6,1316.7
55,BGW-05,100.0,800.7
56,BGW-05,102.8,740.4
57,BGW-05,115.3,467.6
58,BGW-05,139.2,192.7
59,BGW-05,142.5,168.4
60,BGW-06,38.8,17191.4
61,BGW-06,57.3,4701.3
62,BGW-06,73.9,1997.6
63,BGW-06,84.8,1200.4
64,BGW-06,92.0,679.6
65,BGW-06,95.0,672.7
66,BGW-06,109.5,312.1
67,BGW-06,140.1,85.8
68,BGW-07,61.6,4406.5
69,BGW-07,66.0,3589.0
70,BGW-07,87.3,1234.8
71,BGW-07,95.0,976.2
72,BGW-07,111.4,435.4
73,BGW-07,132.6,220.9
74,BGW-07,138.8,167.9
75,BGW-07,148.3,132.3
76,BGW-07,152.8,111.3
77,BGW-08,31.8,27930.1
78,BGW-08,39.2,17929.8
79,BGW-08,55.5,6790.3
80,BGW-08,102.6,558.3
81,BGW-08,103.1,458.4
82,BGW-08,121.6,239.8
83,BGW-08,129.6,171.1
84,BGW-08,131.3,162.9
85,BGW-08,132.1,169.6
86,BGW-08,151.0,66.8
87,BGW-08,152.4,69.4
88,BGW-08,154.2,69.9
89,BGW-09,32.3,30875.6
90,BGW-09,40.7,16205.6
91,BGW-09,42.1,15780.3
92,BGW-09,57.9,7066.0
93,BGW-09,64.0,4458.0
94,BGW-09,66.7,3860.1
95,BGW-09,71.0,3303.4
96,BGW-09,78.6,2362.4
97,BGW-09,112.1,517.7
98,BGW-09,114.0,520.1
99,BGW-09,126.8,309.6
100,BGW-09,128.4,291.0
101,BGW-09,145.8,154.9
102,BGW-10,21.7,49159.4
103,BGW-10,37.1,17392.3
104,BGW-10,83.6,1423.1
105,BGW-10,102.4,655.4
106,BGW-10,109.2,493.5
107,BGW-10,116.1,367.5
108,BGW-10,135.6,157.8
109,BGW-10,139.1,131.7
110,BGW-11,32.7,27191.0
111,BGW-11,34.9,21608.9
112,BGW-11,59.7,4553.3
113,BGW-11,111.0,336.2
114,BGW-11,113.2,317.0
115,BGW-11,137.2,109.3
116,BGW-11,145.6,83.8
117,BGW-11,159.9,47.7
118,BGW-12,20.8,74765.7
119,BGW-12,25.6,47928.7
120,BGW-12,27.2,40217.7
121,BGW-12,28.0,38528.3
122,BGW-12,48.2,9067.9
123,BGW-12,53.4,6775.8
124,BGW-12,104.8,435.1
125,BGW-12,117.7,260.6
126,BGW-12,128.1,177.3
127,BGW-12,132.1,124.7
128,BGW-12,132.2,138.3
129,BGW-12,137.3,103.4
130,BGW-12,138.9,106.4
131,BGW-12,149.9,67.4
132,BGW-13,32.8,28201.7
133,BGW-13,40.3,20458.0
134,BGW-13,44.2,14806.6
135,BGW-13,45.7,14796.2
136,BGW-13,62.2,5546.8
137,BGW-13,84.2,1761.8
138,BGW-13,100.1,877.3
139,BGW-13,109.1,659.5
140,BGW-13,129.8,294.0
141,BGW-13,152.4,116.7
142,BGW-13,157.2,100.2
143,BGW-14,25.0,53572.4
144,BGW-14,50.5,8309.5
145,BGW-14,62.7,4285.2
146,BGW-14,64.4,3703.4
147,BGW-14,77.2,1821.0
148,BGW-14,77.7,1830.9
149,BGW-14,78.6,1788.7
150,BGW-14,79.9,1573.4
151,BGW-14,86.4,1222.2
152,BGW-14,102.4,489.9
153,BGW-14,105.5,452.9
154,BGW-14,108.8,454.9
155,BGW-15,27.8,32126.9
156,BGW-15,30.1,26615.9
157,BGW-15,36.2,19850.3
158,BGW-15,59.3,4757.3
159,BGW-15,64.0,4102.1
160,BGW-15,89.2,1165.3
161,BGW-15,90.5,1134.2
162,BGW-15,92.8,1220.1
163,BGW-15,123.1,366.0
164,BGW-15,132.0,243.6
165,BGW-15,137.2,194.6
166,BGW-15,137.9,174.4
167,BGW-15,144.1,164.5
168,BGW-15,148.9,168.2
169,BGW-16,21.5,62448.0
170,BGW-16,42.9,15301.9
171,BGW-16,43.2,12845.7
172,BGW-16,49.3,8886.9
173,BGW-16,63.5,4434.6
174,BGW-16,74.3,2265.4
175,BGW-16,93.5,963.3
176,BGW-16,109.7,416.3
177,BGW-16,116.3,353.7
178,BGW-16,118.8,294.8
179,BGW-16,128.1,204.3
180,BGW-17,26.3,35393.4
181,BGW-17,31.8,26427.9
182,BGW-17,41.1,14525.7
183,BGW-17,45.3,11270.1
184,BGW-17,52.6,7500.7
185,BGW-17,54.1,7050.4
186,BGW-17,60.9,4550.6
187,BGW-17,88.6,1304.6
188,BGW-17,89.1,1276.1
189,BGW-17,102.1,713.1
190,BGW-17,147.0,134.6
191,BGW-18,34.7,24621.8
192,BGW-18,67.7,3362.0
193,BGW-18,75.8,2085.7
194,BGW-18,89.8,1149.3
195,BGW-18,90.7,1093.9
196,BGW-18,94.4,870.0
197,BGW-18,102.2,592.2
198,BGW-18,127.6,220.3
199,BGW-18,139.0,139.6
200,BGW-18,139.3,125.4
201,BGW-18,147.3,101.8
