well_id,api_gravity,reservoir_temp_c,reservoir_depth_m,pump_setting_depth_m,rod_string_od_in,rod_material,tubing_id_in,completion_year,initial_reservoir_pressure_kpa,viscosity_at_reservoir_temp_cp
BGW-01,18.55,46.88,873.5,834.2,1.0,steel_grade_EL,2.992,2019,3901.0,12576.0
BGW-02,17.74,47.85,960.9,940.2,0.75,steel_grade_EL,2.992,2017,4655.0,11932.0
BGW-03,18.26,47.52,1073.3,1038.8,1.0,steel_grade_D,2.441,2019,3309.0,11064.0
BGW-04,18.37,47.49,942.6,915.9,0.75,steel_grade_D,2.441,2017,3951.0,12903.0
BGW-05,17.45,47.34,1025.1,1002.3,1.0,steel_grade_EL,2.992,2021,3577.0,11311.0
BGW-06,18.36,46.28,1046.7,1015.1,0.875,steel_grade_EL,2.441,2020,3918.0,10600.0
BGW-07,18.14,46.28,967.8,938.6,0.75,steel_grade_EL,2.992,2019,4118.0,10344.0
BGW-08,17.61,46.06,952.1,915.8,0.875,steel_grade_D,2.992,2017,3563.0,11310.0
BGW-09,17.59,47.32,1016.1,990.9,0.875,steel_grade_D,2.992,2018,3180.0,11671.0
BGW-10,18.44,46.92,888.1,855.7,0.75,steel_grade_D,2.441,2018,3603.0,10484.0
BGW-11,18.26,46.72,1090.5,1052.8,0.875,steel_grade_D,2.992,2020,4558.0,10263.0
BGW-12,18.43,46.9,1075.7,1049.3,1.0,steel_grade_D,2.992,2018,4158.0,10817.0
BGW-13,17.35,47.71,958.0,927.3,0.75,steel_grade_EL,2.992,2020,3832.0,12276.0
BGW-14,17.08,46.99,875.9,846.2,0.75,steel_grade_D,2.441,2021,4162.0,10990.0
BGW-15,17.69,47.18,970.6,936.0,0.75,steel_grade_D,2.441,2020,4876.0,10068.0
BGW-16,18.14,46.95,980.2,954.2,0.875,steel_grade_D,2.441,2021,4792.0,10801.0
BGW-17,17.28,47.11,920.3,888.8,1.0,steel_grade_EL,2.992,2018,4832.0,10326.0
BGW-18,17.46,46.07,1057.4,1022.2,0.75,steel_grade_D,2.441,2021,3582.0,11665.0
