well_id,cycle_number,cycle_start_date,steam_volume_cwe_bbl,injection_pressure_kpa,injection_duration_days,soak_time_days,cumulative_steam_to_date_bbl,peak_post_soak_temp_c,thermal_decay_rate_per_day,production_days,cycle_cum_oil_bbl,cycle_sor,cutoff_reason
BGW-01,1,2019-04-04,4652.2,8625.9,11.1,4.5,4652.2,139.5,0.0498,90,7318.1,0.636,next_cycle_scheduled
BGW-01,2,2019-07-24,4126.7,9027.9,11.6,4.6,8778.9,137.68,0.0837,90,6374.4,0.647,next_cycle_scheduled
BGW-01,3,2019-11-04,3545.1,7186.6,7.8,3.8,12324.0,133.78,0.0453,78,6066.3,0.584,rate_below_economic_limit
BGW-01,4,2020-02-15,6568.2,9468.5,17.5,6.2,18892.3,146.23,0.0753,90,6970.6,0.942,next_cycle_scheduled
BGW-01,5,2020-06-04,3901.0,9304.5,10.0,3.1,22793.2,134.07,0.0544,90,6520.1,0.598,next_cycle_scheduled
BGW-01,6,2020-09-24,4152.5,6498.6,9.2,5.1,26945.7,138.41,0.0624,77,5549.5,0.748,rate_below_economic_limit
BGW-02,1,2019-03-12,5008.0,6593.9,10.9,3.8,5008.0,139.71,0.0846,90,4140.7,1.209,next_cycle_scheduled
BGW-02,2,2019-07-03,3446.5,9004.2,9.6,5.4,8454.5,135.63,0.0824,90,3677.7,0.937,next_cycle_scheduled
BGW-02,3,2019-10-28,5616.7,6830.0,14.1,6.4,14071.3,144.8,0.0469,90,4430.7,1.268,next_cycle_scheduled
BGW-02,4,2020-02-16,2923.9,6133.8,7.9,5.3,16995.2,132.29,0.0748,90,3437.6,0.851,next_cycle_scheduled
BGW-03,1,2019-07-22,5458.8,8370.4,15.2,6.5,5458.8,144.38,0.0609,80,3936.4,1.387,rate_below_economic_limit
BGW-03,2,2019-11-04,6880.5,7109.9,16.4,6.4,12339.3,147.06,0.0493,90,4869.9,1.413,next_cycle_scheduled
BGW-03,3,2020-02-20,5645.3,7580.9,11.8,3.1,17984.6,139.66,0.0844,85,3656.7,1.544,rate_below_economic_limit
BGW-03,4,2020-06-04,4301.0,8230.9,8.7,4.7,22285.6,138.77,0.0845,70,3244.3,1.326,rate_below_economic_limit
BGW-03,5,2020-09-03,4344.2,7125.0,10.7,5.7,26629.8,140.11,0.0482,90,4625.1,0.939,next_cycle_scheduled
BGW-04,1,2019-04-02,3244.6,9368.3,7.8,4.4,3244.6,133.22,0.0409,90,6006.2,0.54,next_cycle_scheduled
BGW-04,2,2019-07-16,2974.3,6856.4,6.2,3.2,6218.9,129.55,0.0792,90,5121.0,0.581,next_cycle_scheduled
BGW-04,3,2019-11-02,4544.8,8825.5,10.6,3.9,10763.7,138.36,0.0688,90,5761.9,0.789,next_cycle_scheduled
BGW-04,4,2020-02-28,6292.0,6370.4,13.1,6.1,17055.8,145.79,0.0745,90,5347.2,1.177,next_cycle_scheduled
BGW-05,1,2019-03-10,5686.6,8972.5,14.3,4.1,5686.6,141.86,0.053,90,5106.9,1.114,next_cycle_scheduled
BGW-05,2,2019-07-05,6851.7,6611.7,17.6,3.9,12538.3,143.62,0.0845,84,3733.6,1.835,rate_below_economic_limit
BGW-05,3,2019-10-18,3770.2,8331.3,10.1,5.9,16308.5,137.61,0.0375,85,5000.3,0.754,rate_below_economic_limit
BGW-05,4,2020-02-02,3890.6,6090.0,8.9,4.6,20199.1,136.82,0.0651,90,4420.8,0.88,next_cycle_scheduled
BGW-05,5,2020-05-27,6132.7,8138.7,14.2,6.1,26331.8,145.52,0.08,90,4637.5,1.322,next_cycle_scheduled
BGW-05,6,2020-09-12,5250.0,8932.8,12.0,4.3,31581.8,141.12,0.0838,90,4299.0,1.221,next_cycle_scheduled
BGW-05,7,2021-01-04,5480.2,8705.9,12.7,6.8,37062.0,144.57,0.0705,90,4470.3,1.226,next_cycle_scheduled
BGW-05,8,2021-04-30,6265.8,7008.8,14.3,6.5,43327.8,146.06,0.0518,87,4597.0,1.363,rate_below_economic_limit
BGW-05,9,2021-08-21,8216.4,9299.0,20.4,4.0,51544.3,145.26,0.0791,90,4193.4,1.959,next_cycle_scheduled
BGW-06,1,2019-04-30,5720.7,7668.6,15.3,6.0,5720.7,144.26,0.0659,90,5223.3,1.095,next_cycle_scheduled
BGW-06,2,2019-08-22,5758.6,7349.0,14.1,3.1,11479.3,139.41,0.0695,90,5107.2,1.128,next_cycle_scheduled
BGW-06,3,2019-12-11,3535.4,6843.7,9.5,6.0,15014.6,136.2,0.0682,90,5602.0,0.631,next_cycle_scheduled
BGW-06,4,2020-03-29,5714.3,6550.4,14.0,3.8,20728.9,141.11,0.0724,90,5750.5,0.994,next_cycle_scheduled
BGW-07,1,2019-05-20,4737.4,8019.3,13.0,5.2,4737.4,140.54,0.0687,90,4797.2,0.988,next_cycle_scheduled
BGW-07,2,2019-09-06,6544.0,8439.1,13.2,4.3,11281.5,143.57,0.0508,90,6053.1,1.081,next_cycle_scheduled
BGW-07,3,2019-12-23,3037.9,7792.4,6.8,3.0,14319.4,129.26,0.0505,90,5104.1,0.595,next_cycle_scheduled
BGW-07,4,2020-04-18,6421.4,6319.7,16.7,4.7,20740.7,143.93,0.0509,90,5904.1,1.088,next_cycle_scheduled
BGW-07,5,2020-08-07,3997.8,6152.7,8.4,5.0,24738.6,137.43,0.0671,90,4660.4,0.858,next_cycle_scheduled
BGW-07,6,2020-11-28,6636.5,7805.1,18.0,3.4,31375.0,141.81,0.0717,78,4396.3,1.51,rate_below_economic_limit
BGW-07,7,2021-03-12,6328.6,7373.5,14.7,6.0,37703.7,145.51,0.0475,90,6008.8,1.053,next_cycle_scheduled
BGW-08,1,2019-03-19,5066.0,9458.6,10.9,4.7,5066.0,140.93,0.0706,85,6275.0,0.807,rate_below_economic_limit
BGW-08,2,2019-07-06,5395.7,6968.4,11.6,4.9,10461.7,142.08,0.0714,79,6208.1,0.869,rate_below_economic_limit
BGW-08,3,2019-10-13,6562.5,8486.9,15.7,3.3,17024.2,141.38,0.0477,90,8787.7,0.747,next_cycle_scheduled
BGW-08,4,2020-02-09,5304.4,6707.9,15.1,5.9,22328.6,143.07,0.0634,90,7051.9,0.752,next_cycle_scheduled
BGW-08,5,2020-05-26,4574.0,7402.5,11.9,3.9,26902.6,138.09,0.07,90,7187.0,0.636,next_cycle_scheduled
BGW-08,6,2020-09-08,4897.7,7729.4,9.8,3.1,31800.3,137.46,0.0718,90,6403.9,0.765,next_cycle_scheduled
BGW-08,7,2020-12-28,6334.0,8259.0,13.6,3.3,38134.3,141.04,0.0548,90,7190.4,0.881,next_cycle_scheduled
BGW-08,8,2021-04-21,6250.7,7316.8,13.5,3.4,44384.9,141.22,0.0839,90,6928.8,0.902,next_cycle_scheduled
BGW-09,1,2019-05-25,3789.6,6280.8,9.4,6.5,3789.6,138.21,0.0513,90,3958.2,0.957,next_cycle_scheduled
BGW-09,2,2019-09-11,3937.0,6281.8,8.2,4.7,7726.6,137.19,0.0659,74,3031.0,1.299,rate_below_economic_limit
BGW-09,3,2019-12-15,4903.7,7878.2,11.9,3.3,12630.3,138.13,0.0509,83,3613.5,1.357,rate_below_economic_limit
BGW-09,4,2020-04-04,6760.8,8002.4,14.8,6.5,19391.1,146.94,0.0613,90,4101.6,1.648,next_cycle_scheduled
BGW-09,5,2020-07-18,3173.8,7312.2,7.7,3.7,22564.9,131.67,0.0593,90,3683.4,0.862,next_cycle_scheduled
BGW-09,6,2020-11-14,7071.9,8516.2,16.8,6.7,29636.8,147.5,0.054,90,4492.8,1.574,next_cycle_scheduled
BGW-09,7,2021-03-02,3480.7,9426.4,9.4,6.9,33117.5,136.81,0.0402,86,3899.3,0.893,rate_below_economic_limit
BGW-09,8,2021-06-15,4423.7,6807.8,10.6,5.7,37541.3,140.29,0.0601,90,3960.6,1.117,next_cycle_scheduled
BGW-10,1,2019-04-17,3448.0,8011.0,9.8,3.4,3448.0,132.51,0.05,90,7988.4,0.432,next_cycle_scheduled
BGW-10,2,2019-08-06,4937.7,6568.8,10.0,5.0,8385.7,141.21,0.0456,90,7702.3,0.641,next_cycle_scheduled
BGW-10,3,2019-11-24,4950.2,8799.2,10.8,5.7,13335.9,141.99,0.0459,90,8529.8,0.58,next_cycle_scheduled
BGW-10,4,2020-03-16,4587.8,7942.8,11.6,3.3,17923.7,137.13,0.0542,90,7729.8,0.594,next_cycle_scheduled
BGW-10,5,2020-07-04,4674.4,6168.3,10.8,4.4,22598.1,139.53,0.0822,90,6465.3,0.723,next_cycle_scheduled
BGW-10,6,2020-10-30,5105.1,8452.3,14.3,5.0,27703.2,141.7,0.0418,90,8033.4,0.635,next_cycle_scheduled
BGW-10,7,2021-03-01,7860.5,6967.0,21.8,4.6,35563.7,145.78,0.0637,90,7385.5,1.064,next_cycle_scheduled
BGW-10,8,2021-06-22,4905.9,8773.3,12.6,5.0,40469.6,141.11,0.0589,90,7173.5,0.684,next_cycle_scheduled
BGW-11,1,2019-03-23,5462.5,8836.0,12.8,3.8,5462.5,140.53,0.0761,90,7364.1,0.742,next_cycle_scheduled
BGW-11,2,2019-07-09,3705.4,9084.4,7.4,6.5,9167.9,137.62,0.0681,90,6602.2,0.561,next_cycle_scheduled
BGW-11,3,2019-11-08,6869.6,6965.3,18.6,5.4,16037.4,145.83,0.0816,90,6901.6,0.995,next_cycle_scheduled
BGW-11,4,2020-03-06,6401.7,6778.6,17.3,6.2,22439.1,145.94,0.0732,90,7081.5,0.904,next_cycle_scheduled
BGW-12,1,2019-02-15,4740.9,8718.8,12.2,5.9,4740.9,141.59,0.0402,90,5732.0,0.827,next_cycle_scheduled
BGW-12,2,2019-06-06,5606.8,8191.8,12.7,6.4,10347.7,144.51,0.047,90,5697.9,0.984,next_cycle_scheduled
BGW-12,3,2019-09-28,4917.1,8248.7,12.0,5.8,15264.8,141.99,0.0524,90,5141.7,0.956,next_cycle_scheduled
BGW-12,4,2020-01-14,4956.9,7879.5,10.8,5.7,20221.7,142.0,0.0671,90,4603.3,1.077,next_cycle_scheduled
BGW-12,5,2020-05-05,5492.7,6742.1,14.1,4.1,25714.4,141.36,0.0469,90,5066.9,1.084,next_cycle_scheduled
BGW-12,6,2020-08-31,6886.4,9435.6,18.3,4.1,32600.8,143.84,0.0827,90,4193.5,1.642,next_cycle_scheduled
BGW-12,7,2020-12-21,4890.2,6010.5,10.8,3.5,37490.9,138.5,0.0454,90,5178.6,0.944,next_cycle_scheduled
BGW-13,1,2019-06-16,5911.9,9410.9,14.3,3.2,5911.9,140.58,0.0872,72,3546.2,1.667,rate_below_economic_limit
BGW-13,2,2019-09-24,6226.6,6320.3,16.9,3.1,12138.4,140.77,0.0485,83,4588.4,1.357,rate_below_economic_limit
BGW-13,3,2020-01-13,5982.3,7755.5,14.5,5.5,18120.7,144.7,0.0571,87,4676.5,1.279,rate_below_economic_limit
BGW-13,4,2020-04-22,2805.6,7485.7,6.9,4.6,20926.3,130.64,0.079,74,3433.9,0.817,rate_below_economic_limit
BGW-13,5,2020-08-01,5269.2,9175.1,13.0,6.3,26195.6,143.72,0.0545,82,4681.8,1.125,rate_below_economic_limit
BGW-13,6,2020-11-11,3680.7,8056.1,7.5,5.7,29876.2,137.1,0.059,71,3854.5,0.955,rate_below_economic_limit
BGW-13,7,2021-02-10,3968.5,7788.6,10.5,6.7,33844.7,139.37,0.0573,90,4647.3,0.854,next_cycle_scheduled
BGW-13,8,2021-06-03,5051.9,6384.6,11.4,3.5,38896.6,139.24,0.0705,77,4020.0,1.257,rate_below_economic_limit
BGW-13,9,2021-09-11,6389.1,9365.5,13.9,4.0,45285.8,143.2,0.0482,90,5418.4,1.179,next_cycle_scheduled
BGW-14,1,2019-06-10,4397.2,7459.6,8.9,3.5,4397.2,136.86,0.0733,90,6688.5,0.657,next_cycle_scheduled
BGW-14,2,2019-09-28,4161.1,8227.5,9.7,3.5,8558.2,135.95,0.0438,90,6849.8,0.607,next_cycle_scheduled
BGW-14,3,2020-01-19,5050.8,6508.3,10.9,3.8,13609.0,139.54,0.0765,90,6770.4,0.746,next_cycle_scheduled
BGW-14,4,2020-05-08,5503.4,9074.1,11.3,4.9,19112.4,142.6,0.0523,90,7439.6,0.74,next_cycle_scheduled
BGW-14,5,2020-08-24,3672.9,6802.3,9.8,6.1,22785.3,137.22,0.0557,90,6409.5,0.573,next_cycle_scheduled
BGW-14,6,2020-12-20,6020.5,8125.0,16.3,3.4,28805.8,140.92,0.0509,90,6726.5,0.895,next_cycle_scheduled
BGW-14,7,2021-04-09,5454.3,8966.0,12.5,4.0,34260.1,141.03,0.0676,90,6698.4,0.814,next_cycle_scheduled
BGW-15,1,2019-07-10,3900.0,6427.0,8.8,4.1,3900.0,136.11,0.0651,90,5929.7,0.658,next_cycle_scheduled
BGW-15,2,2019-10-26,4059.6,6831.2,9.4,3.6,7959.6,135.96,0.0547,90,6724.7,0.604,next_cycle_scheduled
BGW-15,3,2020-02-16,3733.6,6216.1,9.2,6.9,11693.2,138.16,0.0733,90,5673.3,0.658,next_cycle_scheduled
BGW-15,4,2020-06-12,6871.0,8205.9,15.3,5.6,18564.2,146.19,0.0639,90,6903.8,0.995,next_cycle_scheduled
BGW-16,1,2019-04-13,4658.5,7542.3,12.3,5.8,4658.5,141.17,0.0527,90,6074.1,0.767,next_cycle_scheduled
BGW-16,2,2019-08-06,5532.4,8882.1,13.1,5.4,10190.9,143.26,0.0502,90,6245.6,0.886,next_cycle_scheduled
BGW-16,3,2019-11-18,3674.7,8340.8,7.4,4.2,13865.6,135.12,0.0498,90,5946.4,0.618,next_cycle_scheduled
BGW-16,4,2020-03-04,3793.3,7206.0,7.8,3.7,17658.9,134.81,0.0674,90,5376.1,0.706,next_cycle_scheduled
BGW-16,5,2020-06-23,4029.3,6870.3,9.8,6.0,21688.1,138.83,0.065,90,6314.5,0.638,next_cycle_scheduled
BGW-17,1,2019-06-27,4154.3,8703.3,8.4,3.8,4154.3,136.55,0.0476,86,4868.4,0.853,rate_below_economic_limit
BGW-17,2,2019-10-08,4454.7,8971.9,12.0,3.1,8609.0,136.32,0.0709,90,4603.8,0.968,next_cycle_scheduled
BGW-17,3,2020-01-30,6025.2,7431.3,13.7,6.9,14634.2,145.86,0.0473,90,6041.4,0.997,next_cycle_scheduled
BGW-17,4,2020-05-25,6121.0,6441.5,16.8,4.1,20755.2,142.7,0.0511,90,5765.2,1.062,next_cycle_scheduled
BGW-17,5,2020-09-09,4365.6,7059.1,12.3,3.2,25120.8,136.1,0.0828,90,4502.9,0.97,next_cycle_scheduled
BGW-17,6,2021-01-10,6763.7,6428.1,18.4,7.0,31884.5,147.25,0.0636,85,4741.2,1.427,rate_below_economic_limit
BGW-17,7,2021-04-29,4814.0,6197.2,13.4,3.2,36698.6,137.76,0.0789,66,3482.4,1.382,rate_below_economic_limit
BGW-18,1,2019-03-30,6204.1,9127.5,13.6,6.4,6204.1,145.53,0.0594,90,5467.0,1.135,next_cycle_scheduled
BGW-18,2,2019-07-18,5503.7,8800.4,12.9,3.9,11707.8,140.8,0.0448,90,6366.7,0.864,next_cycle_scheduled
BGW-18,3,2019-11-17,6143.0,7168.6,17.4,6.1,17850.8,145.12,0.0425,90,6867.9,0.894,next_cycle_scheduled
BGW-18,4,2020-03-05,3139.3,9045.7,7.4,4.0,20990.1,131.57,0.0436,90,6241.3,0.503,next_cycle_scheduled
BGW-18,5,2020-06-22,3681.4,8414.4,8.2,6.6,24671.5,137.36,0.0534,90,5443.3,0.676,next_cycle_scheduled
BGW-18,6,2020-10-13,6449.9,7861.5,13.8,3.8,31121.4,142.37,0.0686,90,5722.8,1.127,next_cycle_scheduled
BGW-18,7,2021-01-30,4536.2,7757.4,10.3,5.9,35657.6,140.55,0.0474,90,6561.5,0.691,next_cycle_scheduled
BGW-18,8,2021-05-21,4558.5,6570.3,12.6,4.5,40216.1,138.95,0.0638,90,5128.4,0.889,next_cycle_scheduled
BGW-19,1,2019-02-07,5541.7,7674.6,13.8,5.7,5541.7,143.61,0.0493,81,7087.5,0.782,rate_below_economic_limit
BGW-19,2,2019-05-24,6493.6,8440.5,15.0,3.0,12035.3,140.68,0.0487,89,7039.3,0.922,rate_below_economic_limit
BGW-19,3,2019-09-12,5362.4,8321.7,14.0,6.1,17397.6,143.49,0.0417,90,8620.6,0.622,next_cycle_scheduled
BGW-19,4,2020-01-03,5874.6,6097.5,14.4,4.2,23272.2,142.16,0.0433,90,8376.8,0.701,next_cycle_scheduled
BGW-19,5,2020-04-22,4408.3,7125.3,10.8,4.3,27680.5,138.27,0.0646,76,5611.0,0.786,rate_below_economic_limit
BGW-19,6,2020-08-04,7551.4,7393.8,16.8,3.2,35231.8,142.42,0.0857,90,6369.5,1.186,next_cycle_scheduled
BGW-20,1,2019-07-25,3265.0,6209.7,7.9,6.9,3265.0,135.44,0.0372,81,4931.2,0.662,rate_below_economic_limit
BGW-20,2,2019-10-29,3647.7,8133.7,7.6,4.7,6912.7,135.6,0.0443,81,4711.0,0.774,rate_below_economic_limit
BGW-20,3,2020-02-09,3599.6,9008.8,9.6,4.9,10512.2,135.66,0.0735,90,4885.3,0.737,next_cycle_scheduled
BGW-20,4,2020-05-31,6634.3,6437.2,14.4,4.9,17146.5,144.88,0.0391,90,5933.7,1.118,next_cycle_scheduled
BGW-20,5,2020-09-17,3134.4,7194.1,7.5,5.6,20280.9,133.67,0.0509,88,4753.8,0.659,rate_below_economic_limit
BGW-20,6,2021-01-02,5319.6,9394.8,11.8,4.1,25600.6,140.85,0.088,69,3545.2,1.5,rate_below_economic_limit
BGW-20,7,2021-03-30,3677.6,8996.9,8.0,6.1,29278.2,137.23,0.0464,75,4505.3,0.816,rate_below_economic_limit
BGW-20,8,2021-07-08,5450.1,6101.4,13.7,6.3,34728.3,144.03,0.0567,70,4387.7,1.242,rate_below_economic_limit
BGW-20,9,2021-10-07,6582.0,7539.5,15.3,4.4,41310.2,143.92,0.0587,90,5394.0,1.22,next_cycle_scheduled
BGW-21,1,2019-05-09,6372.1,6669.7,13.1,4.5,6372.1,143.64,0.0723,90,5965.6,1.068,next_cycle_scheduled
BGW-21,2,2019-09-03,5496.8,8493.0,14.9,5.2,11868.8,142.84,0.0458,90,8267.7,0.665,next_cycle_scheduled
BGW-21,3,2019-12-31,6628.2,8710.8,15.3,5.5,18497.0,145.53,0.0752,90,6027.9,1.1,next_cycle_scheduled
BGW-21,4,2020-04-22,6040.5,6149.7,12.3,4.0,24537.5,142.15,0.0732,90,5956.6,1.014,next_cycle_scheduled
BGW-21,5,2020-08-16,5927.0,7408.5,12.8,4.6,30464.5,142.95,0.0434,90,7680.1,0.772,next_cycle_scheduled
BGW-21,6,2020-12-08,5699.2,6890.4,15.6,5.9,36163.7,144.18,0.0427,90,7841.2,0.727,next_cycle_scheduled
BGW-21,7,2021-04-07,7412.5,8365.8,17.3,6.8,43576.3,147.85,0.0492,90,7383.5,1.004,next_cycle_scheduled
BGW-22,1,2019-03-09,4603.4,8144.7,10.6,5.6,4603.4,141.1,0.069,90,6952.1,0.662,next_cycle_scheduled
BGW-22,2,2019-07-03,4827.2,8572.5,11.2,6.8,9430.6,142.86,0.0576,90,7081.6,0.682,next_cycle_scheduled
BGW-22,3,2019-10-22,5850.9,9408.0,14.2,4.2,15281.5,142.59,0.055,90,7949.2,0.736,next_cycle_scheduled
BGW-22,4,2020-02-10,5729.8,7922.4,12.5,5.4,21011.3,144.02,0.0382,90,8592.9,0.667,next_cycle_scheduled
BGW-22,5,2020-05-31,3192.0,8357.5,7.1,6.9,24203.3,135.27,0.049,90,7723.8,0.413,next_cycle_scheduled
BGW-22,6,2020-09-17,5091.8,9496.3,10.2,3.2,29295.2,138.77,0.087,90,6683.5,0.762,next_cycle_scheduled
BGW-22,7,2021-01-04,3098.2,6062.4,7.5,6.8,32393.3,134.65,0.0596,90,7229.4,0.429,next_cycle_scheduled
BGW-22,8,2021-04-30,5832.0,7230.7,13.1,6.2,38225.3,145.08,0.0367,90,9166.8,0.636,next_cycle_scheduled
BGW-22,9,2021-08-19,6316.3,7319.7,14.4,4.4,44541.6,143.86,0.0667,90,7489.9,0.843,next_cycle_scheduled
BGW-23,1,2019-07-13,5080.4,8839.1,11.3,3.5,5080.4,139.11,0.0505,90,4414.4,1.151,next_cycle_scheduled
BGW-23,2,2019-11-09,6638.4,7122.0,16.4,3.6,11718.8,142.63,0.0902,90,3620.7,1.833,next_cycle_scheduled
BGW-23,3,2020-03-01,6020.2,8705.2,14.6,6.5,17739.0,145.62,0.0525,90,4913.3,1.225,next_cycle_scheduled
BGW-23,4,2020-06-18,4433.7,8488.1,10.8,3.8,22172.7,137.84,0.0674,90,4558.7,0.973,next_cycle_scheduled
BGW-23,5,2020-10-07,3741.9,8403.6,7.5,5.6,25914.6,137.27,0.0735,90,3916.3,0.955,next_cycle_scheduled
BGW-23,6,2021-01-27,3408.0,7379.9,8.0,6.1,29322.6,135.85,0.056,90,4216.3,0.808,next_cycle_scheduled
BGW-23,7,2021-05-19,3246.2,9220.1,7.1,6.5,32568.8,135.22,0.0701,90,4100.5,0.792,next_cycle_scheduled
BGW-23,8,2021-09-18,6499.2,6937.2,17.7,5.8,39068.0,145.83,0.0454,90,5508.7,1.18,next_cycle_scheduled
BGW-24,1,2019-04-04,4987.8,8826.7,10.6,5.5,4987.8,141.86,0.0393,87,6197.7,0.805,rate_below_economic_limit
BGW-24,2,2019-07-20,4855.3,6767.7,11.3,4.9,9843.0,140.76,0.0623,90,6070.0,0.8,next_cycle_scheduled
BGW-24,3,2019-11-11,5036.5,6521.7,14.1,5.7,14879.6,142.19,0.0421,80,5759.7,0.874,rate_below_economic_limit
BGW-24,4,2020-02-15,3341.1,8412.3,8.7,5.9,18220.7,135.06,0.0573,90,5614.2,0.595,next_cycle_scheduled
BGW-24,5,2020-06-05,5036.2,9134.8,10.9,5.8,23256.8,142.32,0.0647,90,5737.3,0.878,next_cycle_scheduled
BGW-24,6,2020-09-18,4507.2,8392.2,10.1,3.5,27764.1,137.11,0.0903,77,4262.2,1.057,rate_below_economic_limit
BGW-24,7,2020-12-28,6160.2,6559.4,14.0,4.6,33924.3,143.48,0.0612,90,5632.5,1.094,next_cycle_scheduled
BGW-24,8,2021-04-21,4707.7,8017.7,12.4,5.8,38632.0,141.22,0.0707,90,5938.4,0.793,next_cycle_scheduled
BGW-25,1,2019-08-03,5309.7,8940.3,14.5,5.4,5309.7,142.52,0.0801,90,5018.3,1.058,next_cycle_scheduled
BGW-25,2,2019-11-19,2977.6,8171.4,8.0,5.5,8287.3,132.26,0.0608,90,5017.6,0.593,next_cycle_scheduled
BGW-25,3,2020-03-08,5367.8,8703.8,13.6,4.5,13655.1,141.45,0.0573,90,5090.7,1.054,next_cycle_scheduled
BGW-25,4,2020-06-24,5233.4,9039.0,10.5,5.2,18888.5,142.09,0.0806,90,4289.5,1.22,next_cycle_scheduled
BGW-25,5,2020-10-15,4851.3,6750.1,10.1,5.7,23739.8,141.53,0.066,90,4740.5,1.023,next_cycle_scheduled
BGW-25,6,2021-01-31,4081.0,8651.3,9.9,5.6,27820.8,138.45,0.0755,90,4281.9,0.953,next_cycle_scheduled
BGW-25,7,2021-05-28,6628.4,7544.9,16.2,5.8,34449.3,145.72,0.0647,90,4675.5,1.418,next_cycle_scheduled
BGW-26,1,2019-05-05,5148.3,9323.7,14.4,4.6,5148.3,141.02,0.0556,90,7335.2,0.702,next_cycle_scheduled
BGW-26,2,2019-08-23,3850.9,9075.2,8.8,3.8,8999.2,134.93,0.0691,90,6682.6,0.576,next_cycle_scheduled
BGW-26,3,2019-12-15,6406.5,7545.1,14.3,6.3,15405.7,145.84,0.074,90,6724.5,0.953,next_cycle_scheduled
BGW-26,4,2020-04-09,4268.3,8963.2,10.4,6.7,19674.0,140.18,0.0747,90,6464.8,0.66,next_cycle_scheduled
BGW-26,5,2020-08-06,6153.0,6293.4,17.1,6.3,25827.0,145.42,0.0402,90,7979.0,0.771,next_cycle_scheduled
BGW-26,6,2020-11-22,4268.5,8825.9,9.5,6.1,30095.4,139.75,0.073,90,7124.6,0.599,next_cycle_scheduled
BGW-26,7,2021-03-14,7290.3,7761.3,17.1,3.6,37385.8,143.07,0.0874,90,6184.9,1.179,next_cycle_scheduled
BGW-26,8,2021-07-10,6945.9,8746.5,16.7,4.1,44331.7,143.7,0.0424,90,8384.9,0.828,next_cycle_scheduled
BGW-26,9,2021-11-01,6953.7,7653.2,16.0,6.6,51285.4,146.98,0.0538,90,8478.3,0.82,next_cycle_scheduled
BGW-27,1,2019-06-29,4564.7,8723.8,10.5,3.2,4564.7,136.71,0.0664,90,6096.3,0.749,next_cycle_scheduled
BGW-27,2,2019-10-20,6511.7,7666.8,13.5,4.0,11076.4,143.12,0.0554,90,6187.4,1.052,next_cycle_scheduled
BGW-27,3,2020-02-09,5096.4,8257.2,10.6,4.7,16172.8,141.18,0.0453,90,6755.7,0.754,next_cycle_scheduled
BGW-27,4,2020-06-04,5302.8,7481.3,12.5,6.5,21475.6,143.74,0.0712,90,5909.2,0.897,next_cycle_scheduled
BGW-27,5,2020-09-25,7402.5,7633.8,16.8,5.1,28878.1,146.15,0.0736,90,5757.8,1.286,next_cycle_scheduled
BGW-27,6,2021-01-14,5842.2,8460.1,13.3,4.5,34720.3,142.65,0.0815,90,5624.4,1.039,next_cycle_scheduled
BGW-27,7,2021-04-26,3190.8,8184.8,6.4,3.5,37911.1,131.22,0.0909,90,5306.6,0.601,next_cycle_scheduled
BGW-27,8,2021-08-21,7936.2,7957.7,18.3,6.8,45847.2,148.47,0.0513,90,6686.1,1.187,next_cycle_scheduled
BGW-27,9,2021-12-08,4450.5,7995.5,11.6,4.8,50297.7,139.18,0.0619,90,6914.3,0.644,next_cycle_scheduled
BGW-28,1,2019-04-28,3023.0,6002.8,6.9,4.0,3023.0,130.79,0.0661,90,7320.9,0.413,next_cycle_scheduled
BGW-28,2,2019-08-16,4484.8,6767.5,11.9,3.5,7507.8,136.96,0.0762,90,6461.8,0.694,next_cycle_scheduled
BGW-28,3,2019-12-08,3337.0,9157.4,8.8,7.0,10844.8,135.64,0.0482,90,8041.4,0.415,next_cycle_scheduled
BGW-28,4,2020-03-25,3577.7,7625.8,8.6,4.2,14422.5,134.23,0.0527,90,7256.4,0.493,next_cycle_scheduled
BGW-29,1,2019-05-02,4750.9,9312.1,12.3,5.8,4750.9,141.27,0.0787,87,6342.5,0.749,rate_below_economic_limit
BGW-29,2,2019-08-20,4504.2,6111.2,10.5,4.8,9255.1,139.21,0.07,90,7746.6,0.581,next_cycle_scheduled
BGW-29,3,2019-12-13,6427.0,8451.7,15.1,4.3,15682.1,143.3,0.0511,90,9472.5,0.678,next_cycle_scheduled
BGW-29,4,2020-04-09,5809.1,9182.1,16.5,5.7,21491.2,144.16,0.055,90,8692.6,0.668,next_cycle_scheduled
BGW-29,5,2020-07-27,3325.0,8463.9,9.2,5.5,24816.2,134.51,0.0678,90,7461.6,0.446,next_cycle_scheduled
BGW-29,6,2020-11-18,6028.2,8452.6,13.2,3.3,30844.4,140.47,0.0901,90,6539.7,0.922,next_cycle_scheduled
BGW-29,7,2021-03-11,3850.1,6789.5,10.1,6.6,34694.4,138.29,0.0523,90,7994.3,0.482,next_cycle_scheduled
BGW-29,8,2021-07-01,4759.1,9281.3,12.1,3.8,39453.5,138.53,0.0634,90,8376.5,0.568,next_cycle_scheduled
BGW-30,1,2019-04-28,6271.1,8648.6,15.7,3.4,6271.1,141.43,0.0626,90,6564.0,0.955,next_cycle_scheduled
BGW-30,2,2019-08-17,5234.2,7704.7,11.5,5.3,11505.3,142.46,0.0807,90,6032.7,0.868,next_cycle_scheduled
BGW-30,3,2019-12-12,7020.1,7383.8,18.4,3.8,18525.4,143.47,0.0721,90,6180.0,1.136,next_cycle_scheduled
BGW-30,4,2020-04-12,7252.8,7089.0,20.5,5.9,25778.2,146.99,0.04,90,8320.8,0.872,next_cycle_scheduled
BGW-31,1,2019-05-08,3842.7,7556.0,9.6,5.2,3842.7,136.92,0.064,90,3950.9,0.973,next_cycle_scheduled
BGW-31,2,2019-08-19,2965.8,7719.3,8.0,3.1,6808.6,128.78,0.0439,84,3886.8,0.763,rate_below_economic_limit
BGW-31,3,2019-11-28,3274.1,8188.3,6.8,6.5,10082.6,134.95,0.0542,90,4350.9,0.752,next_cycle_scheduled
BGW-31,4,2020-03-23,4782.2,8901.6,11.7,6.6,14864.8,142.07,0.0679,67,3253.6,1.47,rate_below_economic_limit
BGW-32,1,2019-05-04,4561.4,9225.0,12.0,3.2,4561.4,137.14,0.079,90,4205.0,1.085,next_cycle_scheduled
BGW-32,2,2019-08-25,5160.7,9228.0,10.6,6.3,9722.1,143.55,0.0769,90,5062.6,1.019,next_cycle_scheduled
BGW-32,3,2019-12-17,6406.7,8355.2,13.3,4.2,16128.8,143.68,0.0466,90,5421.8,1.182,next_cycle_scheduled
BGW-32,4,2020-04-08,5675.6,8730.8,16.2,5.5,21804.4,144.08,0.0792,90,4619.7,1.229,next_cycle_scheduled
BGW-32,5,2020-08-03,6945.9,7859.4,15.7,5.7,28750.3,146.54,0.0545,90,4994.8,1.391,next_cycle_scheduled
BGW-32,6,2020-11-30,7554.9,9062.0,16.7,4.5,36305.2,145.64,0.0815,90,4827.8,1.565,next_cycle_scheduled
BGW-32,7,2021-03-16,4039.0,9331.6,10.3,4.0,40344.2,136.76,0.0801,90,4234.1,0.954,next_cycle_scheduled
BGW-32,8,2021-07-04,3507.6,8056.0,9.5,3.5,43851.8,133.37,0.0671,90,4229.7,0.829,next_cycle_scheduled
BGW-32,9,2021-11-01,7305.0,8746.6,16.8,6.7,51156.8,147.99,0.0541,90,5477.1,1.334,next_cycle_scheduled
BGW-33,1,2019-07-04,4177.9,8604.7,10.0,5.9,4177.9,139.44,0.0734,90,5652.6,0.739,next_cycle_scheduled
BGW-33,2,2019-10-30,6712.0,6428.1,17.2,3.7,10889.9,142.84,0.0858,90,4948.7,1.356,next_cycle_scheduled
BGW-33,3,2020-02-19,2829.7,8446.2,7.5,6.5,13719.6,132.24,0.0693,90,5760.4,0.491,next_cycle_scheduled
BGW-33,4,2020-06-06,4242.3,7760.1,11.1,3.7,17961.9,136.77,0.0449,90,6067.1,0.699,next_cycle_scheduled
BGW-33,5,2020-09-24,3544.2,8245.3,9.0,6.6,21506.1,136.89,0.061,90,5908.7,0.6,next_cycle_scheduled
BGW-34,1,2019-02-03,5760.0,7240.6,12.1,4.6,5760.0,142.63,0.0727,90,4345.5,1.326,next_cycle_scheduled
BGW-34,2,2019-05-24,3022.5,9070.7,7.6,6.5,8782.6,133.47,0.0568,90,4636.7,0.652,next_cycle_scheduled
BGW-34,3,2019-09-10,3579.2,9169.7,7.4,5.0,12361.7,135.58,0.064,90,4491.2,0.797,next_cycle_scheduled
BGW-34,4,2019-12-24,2825.4,7354.0,6.8,5.1,15187.1,130.95,0.0841,90,4399.4,0.642,next_cycle_scheduled
BGW-34,5,2020-04-08,4304.2,7259.6,9.2,4.6,19491.4,138.37,0.0726,90,4215.2,1.021,next_cycle_scheduled
BGW-34,6,2020-07-31,7346.1,7383.4,15.3,4.6,26837.5,145.26,0.0738,90,4210.7,1.745,next_cycle_scheduled
BGW-34,7,2020-11-28,7353.7,6183.2,16.8,4.5,34191.1,145.11,0.0411,90,5490.1,1.339,next_cycle_scheduled
BGW-34,8,2021-03-15,5156.5,7487.0,10.6,3.1,39347.6,138.26,0.0751,90,4426.2,1.165,next_cycle_scheduled
BGW-35,1,2019-05-30,6232.6,7086.7,13.9,6.5,6232.6,146.11,0.0429,90,8527.2,0.731,next_cycle_scheduled
BGW-35,2,2019-09-22,5868.3,7520.7,15.8,4.8,12100.9,143.49,0.0613,86,6848.3,0.857,rate_below_economic_limit
BGW-35,3,2020-01-11,6749.0,9207.1,13.7,5.5,18849.9,145.99,0.0427,90,9103.1,0.741,next_cycle_scheduled
BGW-35,4,2020-05-05,6182.0,6380.8,17.2,5.7,25031.9,145.21,0.0374,90,9179.4,0.673,next_cycle_scheduled
BGW-35,5,2020-08-22,4906.7,7156.7,11.7,3.1,29938.6,137.96,0.0665,90,7166.8,0.685,next_cycle_scheduled
BGW-36,1,2019-01-18,3048.7,7202.5,8.3,3.7,3048.7,130.56,0.0548,90,7247.2,0.421,next_cycle_scheduled
BGW-36,2,2019-05-15,6019.7,6082.5,13.0,6.2,9068.4,145.05,0.0539,90,8457.7,0.712,next_cycle_scheduled
BGW-36,3,2019-09-02,4885.9,6038.6,12.5,3.5,13954.3,138.24,0.0599,90,7017.1,0.696,next_cycle_scheduled
BGW-36,4,2019-12-20,5118.5,6374.7,10.9,5.0,19072.8,141.48,0.0679,90,7434.5,0.688,next_cycle_scheduled
