sample_id,well_id,temperature_c,viscosity_cp
0,BGW-01,33.3,31211.8
1,BGW-01,44.0,15510.5
2,BGW-01,55.5,6674.5
3,BGW-01,102.6,769.2
4,BGW-01,103.1,742.3
5,BGW-01,106.3,662.8
6,BGW-01,129.6,282.3
7,BGW-01,131.3,212.1
8,BGW-01,152.4,110.0
9,BGW-02,32.3,30492.3
10,BGW-02,36.4,24288.9
11,BGW-02,36.8,24633.6
12,BGW-02,57.9,6380.1
13,BGW-02,64.0,4858.5
14,BGW-02,66.7,4651.6
15,BGW-02,71.0,3272.6
16,BGW-02,78.6,2237.8
17,BGW-02,112.1,544.8
18,BGW-02,114.0,525.4
19,BGW-02,126.8,305.4
20,BGW-02,128.4,310.9
21,BGW-02,145.8,163.3
22,BGW-03,21.7,54705.0
23,BGW-03,36.6,21163.3
24,BGW-03,37.1,18580.4
25,BGW-03,61.4,4591.7
26,BGW-03,62.3,5048.3
27,BGW-03,81.9,1895.8
28,BGW-03,83.6,1857.6
29,BGW-03,84.2,1835.2
30,BGW-03,102.4,815.5
31,BGW-03,109.2,644.0
32,BGW-03,116.1,478.6
33,BGW-03,135.6,241.0
34,BGW-03,139.1,198.5
35,BGW-04,20.8,81149.9
36,BGW-04,25.1,60584.4
37,BGW-04,27.2,54546.6
38,BGW-04,28.0,52295.9
39,BGW-04,40.0,20901.6
40,BGW-04,47.7,13765.5
41,BGW-04,53.4,8968.6
42,BGW-04,104.8,555.0
43,BGW-04,111.9,410.2
44,BGW-04,128.7,190.6
45,BGW-04,132.1,172.4
46,BGW-04,132.2,177.4
47,BGW-04,138.9,146.3
48,BGW-04,147.5,111.8
49,BGW-05,25.9,42846.9
50,BGW-05,27.6,40619.8
51,BGW-05,32.8,26373.9
52,BGW-05,44.2,12379.6
53,BGW-05,45.7,13253.5
54,BGW-05,84.2,1679.2
55,BGW-05,100.1,908.7
56,BGW-05,106.3,674.3
57,BGW-05,109.1,583.5
58,BGW-05,119.3,402.4
59,BGW-05,129.8,300.9
60,BGW-05,143.8,185.9
61,BGW-05,157.2,106.3
62,BGW-06,25.0,53893.8
63,BGW-06,50.5,8608.1
64,BGW-06,58.9,4460.1
65,BGW-06,62.7,3846.9
66,BGW-06,64.4,3316.0
67,BGW-06,77.2,1600.7
68,BGW-06,77.7,1608.4
69,BGW-06,78.6,1569.3
70,BGW-06,79.9,1377.9
71,BGW-06,102.4,475.8
72,BGW-06,105.5,358.3
73,BGW-06,108.8,328.7
74,BGW-07,36.2,19517.2
75,BGW-07,64.0,4214.6
76,BGW-07,89.2,1211.5
77,BGW-07,90.5,1098.3
78,BGW-07,91.8,1085.5
79,BGW-07,92.8,990.1
80,BGW-07,123.1,314.6
81,BGW-07,132.0,193.1
82,BGW-07,137.2,175.7
83,BGW-07,144.1,125.8
84,BGW-07,148.9,110.4
85,BGW-08,36.8,18911.0
86,BGW-08,41.5,14892.0
87,BGW-08,63.5,3981.2
88,BGW-08,71.1,2584.3
89,BGW-08,72.1,2575.9
90,BGW-08,104.1,513.1
91,BGW-08,116.3,306.6
92,BGW-08,128.1,173.4
93,BGW-08,154.2,71.4
94,BGW-08,159.4,62.2
95,BGW-09,26.3,44690.3
96,BGW-09,31.2,30149.4
97,BGW-09,39.8,19494.2
98,BGW-09,41.1,14597.5
99,BGW-09,45.3,12502.9
100,BGW-09,52.6,7813.0
101,BGW-09,75.0,2550.4
102,BGW-09,80.7,2059.7
103,BGW-09,82.8,1824.7
104,BGW-09,85.7,1583.7
105,BGW-09,125.7,302.4
106,BGW-09,137.5,202.0
107,BGW-09,147.0,135.4
108,BGW-09,158.6,102.5
109,BGW-10,67.4,3254.1
110,BGW-10,67.7,3132.3
111,BGW-10,87.6,1233.4
112,BGW-10,89.8,1137.3
113,BGW-10,90.7,1076.0
114,BGW-10,102.2,613.9
115,BGW-10,127.6,243.4
116,BGW-10,138.2,163.1
117,BGW-10,139.0,150.1
118,BGW-10,139.3,144.4
119,BGW-10,147.3,117.1
120,BGW-11,21.0,53233.4
121,BGW-11,58.9,4509.2
122,BGW-11,86.9,1026.5
123,BGW-11,103.8,432.2
124,BGW-11,106.9,418.1
125,BGW-11,108.7,414.9
126,BGW-11,118.4,224.2
127,BGW-11,126.6,162.4
128,BGW-11,146.5,79.7
129,BGW-11,157.5,58.1
130,BGW-12,25.7,47960.3
131,BGW-12,37.3,18459.7
132,BGW-12,60.4,4816.0
133,BGW-12,68.5,2798.9
134,BGW-12,88.6,1060.8
135,BGW-12,122.7,192.9
136,BGW-12,125.0,175.2
137,BGW-12,128.8,160.3
138,BGW-12,157.8,53.2
139,BGW-12,158.0,52.0
140,BGW-13,26.8,46581.6
141,BGW-13,35.3,25352.6
142,BGW-13,114.5,511.9
143,BGW-13,119.9,369.7
144,BGW-13,123.5,329.8
145,BGW-13,128.3,278.5
146,BGW-13,132.1,229.1
147,BGW-13,141.2,176.3
148,BGW-14,53.3,7261.9
149,BGW-14,61.9,4350.3
150,BGW-14,68.7,2769.2
151,BGW-14,75.6,2097.7
152,BGW-14,76.2,2021.9
153,BGW-14,102.6,473.4
154,BGW-14,114.0,322.1
155,BGW-14,139.4,122.4
156,BGW-14,139.5,109.0
157,BGW-14,145.4,84.3
158,BGW-15,29.4,28824.4
159,BGW-15,38.8,15314.4
160,BGW-15,48.3,9584.7
161,BGW-15,71.2,3185.6
162,BGW-15,74.9,2432.6
163,BGW-15,89.6,1166.8
164,BGW-15,100.5,819.9
165,BGW-15,103.3,693.7
166,BGW-15,118.1,407.6
167,BGW-15,148.1,148.5
168,BGW-15,159.7,94.4
169,BGW-16,53.8,7518.9
170,BGW-16,61.9,4576.0
171,BGW-16,65.5,4224.6
172,BGW-16,94.1,881.9
173,BGW-16,102.7,595.2
174,BGW-16,111.5,392.6
175,BGW-16,123.9,249.2
176,BGW-16,147.3,102.0
177,BGW-17,25.0,38494.5
178,BGW-17,34.3,19373.6
179,BGW-17,34.4,20814.4
180,BGW-17,45.9,10463.9
181,BGW-17,80.6,1786.4
182,BGW-17,91.8,1161.3
183,BGW-17,98.7,792.6
184,BGW-17,111.4,448.0
185,BGW-17,114.4,421.3
186,BGW-17,130.3,248.0
187,BGW-17,134.0,191.8
188,BGW-17,146.4,125.9
189,BGW-17,153.7,107.9
190,BGW-17,154.4,100.9
191,BGW-18,20.2,60571.9
192,BGW-18,20.2,62420.1
193,BGW-18,35.7,24672.3
194,BGW-18,53.9,7389.5
195,BGW-18,56.4,6576.2
196,BGW-18,65.1,3593.3
197,BGW-18,66.6,3317.5
198,BGW-18,78.3,1970.8
199,BGW-18,80.4,1734.9
200,BGW-18,88.5,1197.7
201,BGW-18,91.1,1011.8
202,BGW-18,129.3,203.1
203,BGW-18,137.8,146.1
204,BGW-18,140.8,135.7
205,BGW-19,20.7,79600.0
206,BGW-19,35.5,25487.8
207,BGW-19,42.8,18549.6
208,BGW-19,53.8,8916.3
209,BGW-19,55.6,7680.7
210,BGW-19,99.7,608.8
211,BGW-19,102.6,588.5
212,BGW-19,106.7,480.3
213,BGW-19,106.8,471.5
214,BGW-19,128.2,193.3
215,BGW-19,138.9,120.7
216,BGW-19,139.5,118.8
217,BGW-19,139.8,116.7
218,BGW-20,22.7,50237.3
219,BGW-20,24.2,48507.3
220,BGW-20,43.2,13705.5
221,BGW-20,64.4,4321.6
222,BGW-20,68.5,3245.2
223,BGW-20,119.1,387.7
224,BGW-20,121.5,347.1
225,BGW-20,123.4,298.1
226,BGW-21,22.3,42818.6
227,BGW-21,37.8,15882.2
228,BGW-21,58.2,5664.9
229,BGW-21,95.1,1001.5
230,BGW-21,101.8,663.6
231,BGW-21,107.1,595.2
232,BGW-21,143.3,172.1
233,BGW-21,145.6,159.9
234,BGW-21,159.0,104.5
235,BGW-22,55.5,6590.8
236,BGW-22,75.5,2161.0
237,BGW-22,97.5,709.2
238,BGW-22,99.4,631.2
239,BGW-22,105.5,460.7
240,BGW-22,114.9,315.5
241,BGW-22,121.6,224.3
242,BGW-22,126.2,183.2
243,BGW-23,40.9,17845.8
244,BGW-23,45.0,14764.9
245,BGW-23,47.9,9657.5
246,BGW-23,49.7,10373.5
247,BGW-23,73.1,2790.9
248,BGW-23,75.3,2101.3
249,BGW-23,85.8,1263.1
250,BGW-23,115.6,300.8
251,BGW-23,122.7,219.6
252,BGW-23,140.3,111.7
253,BGW-23,143.0,111.8
254,BGW-23,147.8,95.6
255,BGW-23,154.6,65.2
256,BGW-24,47.5,11035.6
257,BGW-24,64.7,4217.1
258,BGW-24,72.8,2837.2
259,BGW-24,72.8,2851.0
260,BGW-24,75.2,2192.2
261,BGW-24,77.3,2320.0
262,BGW-24,85.5,1423.1
263,BGW-24,101.3,682.7
264,BGW-24,104.2,655.9
265,BGW-24,105.2,635.0
266,BGW-24,120.7,325.6
267,BGW-24,144.3,151.4
268,BGW-24,151.0,106.0
269,BGW-24,157.1,91.7
270,BGW-25,26.3,36625.8
271,BGW-25,35.5,20118.2
272,BGW-25,55.3,6114.0
273,BGW-25,56.3,5873.5
274,BGW-25,87.4,1240.2
275,BGW-25,89.4,1000.0
276,BGW-25,111.4,380.3
277,BGW-25,154.3,77.4
278,BGW-26,33.6,25784.3
279,BGW-26,39.3,17901.4
280,BGW-26,42.4,16049.6
281,BGW-26,43.1,13642.9
282,BGW-26,55.5,7583.8
283,BGW-26,62.6,5069.9
284,BGW-26,95.9,1014.1
285,BGW-26,97.4,1055.7
286,BGW-26,106.3,634.1
287,BGW-26,138.4,220.4
288,BGW-26,139.3,186.4
289,BGW-27,45.1,12169.4
290,BGW-27,54.3,6965.9
291,BGW-27,54.3,7363.9
292,BGW-27,54.8,6893.6
293,BGW-27,57.0,6234.4
294,BGW-27,67.5,4039.2
295,BGW-27,77.9,2123.0
296,BGW-27,83.0,1724.0
297,BGW-27,94.3,987.5
298,BGW-27,119.4,355.0
299,BGW-27,138.5,174.4
300,BGW-27,139.2,174.9
301,BGW-27,142.4,163.0
302,BGW-28,24.2,57280.5
303,BGW-28,36.7,22880.2
304,BGW-28,42.9,15652.9
305,BGW-28,49.1,9919.4
306,BGW-28,55.4,6410.9
307,BGW-28,97.6,676.4
308,BGW-28,148.4,64.9
309,BGW-28,153.4,65.6
310,BGW-29,27.0,39738.1
311,BGW-29,41.4,14332.8
312,BGW-29,49.7,7655.0
313,BGW-29,67.8,2705.7
314,BGW-29,67.9,2606.3
315,BGW-29,81.3,1368.9
316,BGW-29,85.6,1033.5
317,BGW-29,107.2,350.7
318,BGW-29,125.1,159.9
319,BGW-29,131.1,127.0
320,BGW-29,131.2,129.4
321,BGW-29,148.9,58.6
322,BGW-29,149.3,57.5
323,BGW-30,25.6,49463.4
324,BGW-30,44.8,14095.7
325,BGW-30,68.0,3913.2
326,BGW-30,82.9,2039.0
327,BGW-30,84.6,1962.1
328,BGW-30,86.2,1853.7
329,BGW-30,104.0,825.6
330,BGW-30,112.4,536.7
331,BGW-30,114.9,498.8
332,BGW-30,124.9,347.7
333,BGW-30,138.4,204.9
334,BGW-30,144.9,163.8
335,BGW-30,153.0,130.4
336,BGW-31,22.8,46065.7
337,BGW-31,32.8,27579.2
338,BGW-31,37.6,18113.3
339,BGW-31,67.9,2990.8
340,BGW-31,77.1,1945.1
341,BGW-31,81.6,1567.1
342,BGW-31,111.8,438.7
343,BGW-31,112.8,412.4
344,BGW-31,113.4,400.3
345,BGW-32,48.4,12271.3
346,BGW-32,55.7,7719.7
347,BGW-32,59.7,6573.3
348,BGW-32,64.9,4682.7
349,BGW-32,95.9,1073.3
350,BGW-32,105.4,754.1
351,BGW-32,107.6,627.8
352,BGW-32,114.5,513.5
353,BGW-32,118.2,439.1
354,BGW-32,147.4,135.8
355,BGW-32,153.4,124.7
356,BGW-32,156.7,110.2
357,BGW-33,54.2,8041.9
358,BGW-33,66.8,3770.5
359,BGW-33,83.9,1643.6
360,BGW-33,87.3,1379.6
361,BGW-33,124.3,298.9
362,BGW-33,126.8,262.8
363,BGW-33,127.1,286.3
364,BGW-33,138.1,170.9
365,BGW-33,147.8,134.3
366,BGW-33,149.3,114.5
367,BGW-33,156.9,92.3
368,BGW-34,36.2,20130.9
369,BGW-34,39.4,18712.5
370,BGW-34,41.6,15266.5
371,BGW-34,47.0,10842.7
372,BGW-34,67.1,3757.6
373,BGW-34,74.6,2516.6
374,BGW-34,79.2,2021.7
375,BGW-34,106.8,577.6
376,BGW-34,128.4,234.5
377,BGW-34,131.7,206.5
378,BGW-34,137.5,191.3
379,BGW-34,159.8,85.9
380,BGW-35,33.3,29693.7
381,BGW-35,64.6,4891.7
382,BGW-35,84.6,1811.1
383,BGW-35,90.1,1274.3
384,BGW-35,92.3,1285.9
385,BGW-35,111.4,505.4
386,BGW-35,116.1,433.5
387,BGW-35,121.9,392.0
388,BGW-35,156.7,112.0
389,BGW-35,158.9,108.6
390,BGW-35,159.9,94.6
391,BGW-36,20.1,76480.0
392,BGW-36,27.4,43897.5
393,BGW-36,29.5,37505.9
394,BGW-36,33.5,31727.4
395,BGW-36,40.1,17754.8
396,BGW-36,41.5,16056.9
397,BGW-36,81.1,1320.0
398,BGW-36,88.8,948.0
399,BGW-36,94.7,728.8
400,BGW-36,143.1,85.2
401,BGW-36,145.0,89.4
