failure_id,well_id,cycle_number_at_failure,day_index_at_failure,rod_age_days,cumulative_rod_float_days,failure_type,depth_of_failure_m
0,BGW-01,4,71,330,101,coupling_failure,827.0
1,BGW-05,6,19,459,139,parted_rod,769.3
2,BGW-05,9,64,771,117,parted_rod,822.8
3,BGW-07,4,76,347,116,parted_rod,878.6
4,BGW-08,3,65,230,78,pump_wear,844.7
5,BGW-09,6,65,493,164,parted_rod,867.9
6,BGW-10,7,42,583,173,parted_rod,789.9
7,BGW-13,9,53,690,159,parted_rod,818.7
8,BGW-17,6,53,500,179,parted_rod,776.7
9,BGW-18,7,12,553,151,tubing_leak,749.4
10,BGW-21,3,77,258,79,pump_wear,864.4
11,BGW-22,7,32,573,188,tubing_leak,633.1
12,BGW-26,8,29,660,111,tubing_leak,655.5
13,BGW-27,5,23,384,100,parted_rod,903.8
14,BGW-27,9,31,752,151,pump_wear,795.0
15,BGW-28,3,43,224,66,parted_rod,864.3
16,BGW-32,6,59,510,209,tubing_leak,686.0
17,BGW-34,8,61,692,65,parted_rod,709.3
18,BGW-36,4,80,351,124,pump_wear,985.3
